fact_id,date_id,person_id,project_id,hours,source,created_at
17f74585-9d5c-44c0-93ea-e84bc66e209f,2026-04,4429378,a6cf5f87-ed0a-4eb6-8850-5d8919a8ea5c,20.0,baseline,2026-04-17T17:41:50Z
af4f432a-b319-4a05-b116-6bd73d6e4909,2026-04,4429378,b0275094-6639-4f68-a61b-82284830e758,2.0,baseline,2026-04-17T17:41:50Z
7a2a0ddc-f22a-405b-823a-f9b02aa8acb0,2026-04,4429378,ae3e0dd6-4c1a-4fb4-aa05-189fe00b2447,2.0,baseline,2026-04-17T17:41:50Z
44b6214f-7b30-4913-9626-7cb24ff307df,2026-04,1000468,e8d01216-2a4e-461a-98b2-bee1af9ca78d,4.0,baseline,2026-04-17T17:41:50Z
ba8ce404-3d77-4333-bc2d-98c79112b711,2026-04,4429378,e8d01216-2a4e-461a-98b2-bee1af9ca78d,8.0,baseline,2026-04-17T17:41:50Z
edd6271a-fdf9-4101-896c-fd52ef5c84ca,2026-04,1289367,e8d01216-2a4e-461a-98b2-bee1af9ca78d,10.0,baseline,2026-04-17T17:41:50Z
1f7ca8f3-016e-4b6e-a7f1-c3ea9bd84374,2026-04,1000468,e2149f05-5a78-4e5a-a2a9-4d23b14e9383,1.0,baseline,2026-04-17T17:41:50Z
8d712231-3568-42e7-a7ee-b70f1c216647,2026-04,1116340,e2149f05-5a78-4e5a-a2a9-4d23b14e9383,3.0,baseline,2026-04-17T17:41:50Z
507b51a4-4d91-41e0-b070-e2ff90795054,2026-04,EXT_2A921DFC,e2149f05-5a78-4e5a-a2a9-4d23b14e9383,40.0,baseline,2026-04-17T17:41:50Z
f2377952-0d8e-4790-aaa0-d4f07b2b4e97,2026-04,1000468,da1ccc30-0ba2-4d64-854d-7d6945da997d,1.0,baseline,2026-04-17T17:41:50Z
6c8a2de8-1950-4266-8c12-91c4ed12776e,2026-04,1116340,10595e90-b5cf-4752-9bc6-4b85ac69b3c9,4.0,baseline,2026-04-17T17:41:50Z
a032bccd-af94-45a3-9f7a-b2e7982b0933,2026-04,EXT_18948827,10595e90-b5cf-4752-9bc6-4b85ac69b3c9,40.0,baseline,2026-04-17T17:41:50Z
b029af9e-1189-42ee-ae6a-82a57bebd93e,2026-04,EXT_2A921DFC,10595e90-b5cf-4752-9bc6-4b85ac69b3c9,5.0,baseline,2026-04-17T17:41:50Z
db612ea9-b8e6-40ce-8050-c1f604e27b2f,2026-05,EXT_18948827,10595e90-b5cf-4752-9bc6-4b85ac69b3c9,20.0,baseline,2026-04-17T17:41:50Z
b5406a0e-e52a-4f1f-a4ba-58839c3b5e32,2026-04,4429378,e151efb2-ffa2-408c-844b-a36181fb66aa,2.0,baseline,2026-04-17T17:41:50Z
eaee752b-8487-4c3d-8357-f3324ee29552,2026-05,EXT_55DCA234,aa55ab4a-f5b6-4167-97fa-d937c6507561,20.0,baseline,2026-04-17T17:41:50Z
3cd2f6d5-a79d-4989-b379-c4da5a80eb09,2026-05,EXT_18948827,eda2bbdd-08da-4e9a-9937-5335481780ca,40.0,baseline,2026-04-17T17:41:50Z
8cf9f776-18fb-46ac-a95c-bb4b7e70a732,2026-04,1000468,afc7097e-3647-4301-95d0-3c1c834ab27e,2.0,baseline,2026-04-17T17:41:50Z
8955b68a-6a3b-47aa-b36d-5f4fcebab440,2026-04,4429378,afc7097e-3647-4301-95d0-3c1c834ab27e,2.0,baseline,2026-04-17T17:41:50Z
98b1bdae-5677-4a85-81a7-3f8776103a19,2026-05,EXT_18948827,bedfe31c-df0c-43de-beb8-55231ed7daf3,8.0,baseline,2026-04-17T17:41:50Z
00f2bd6e-5db7-4bd3-8b14-96a669c17434,2026-04,4429378,d1e95e70-fc07-4ebf-b71d-8ea75174d5d7,4.0,baseline,2026-04-17T17:41:50Z
113d88b5-b27e-4ab4-b7b4-ca6eda2f9ac5,2026-04,1116340,5b1569fa-30e4-4af8-8dea-3493ea435db3,2.0,baseline,2026-04-17T17:41:50Z
08886f8d-6c6b-40ec-b297-17364aa420db,2026-04,1116340,86ea7846-fc37-4401-ab43-797629898394,2.0,baseline,2026-04-17T17:41:50Z
f19a0157-1304-46ca-8cca-45d01d0adb20,2026-04,4239532,86ea7846-fc37-4401-ab43-797629898394,10.0,baseline,2026-04-17T17:41:50Z
40a3d49b-c7d7-4706-9ad3-4e0564130bd3,2026-04,1000468,5f71e58e-a000-4c3a-9da8-e843fbd0ae27,2.0,baseline,2026-04-17T17:41:50Z
357b7d49-6fc2-493c-bef2-a6d6c409f466,2026-04,1116340,5f71e58e-a000-4c3a-9da8-e843fbd0ae27,1.0,baseline,2026-04-17T17:41:50Z
afb49626-a903-4d64-9fd3-2a5b1efd0d8b,2026-04,4239532,5f71e58e-a000-4c3a-9da8-e843fbd0ae27,20.0,baseline,2026-04-17T17:41:50Z
b762d89a-df96-414c-87fd-fbfd05a9086e,2026-05,4239532,5f71e58e-a000-4c3a-9da8-e843fbd0ae27,10.0,baseline,2026-04-17T17:41:50Z
d8d7afdf-2dff-4dd4-a88a-a24ed8ecd11c,2026-04,1000468,f268dd7c-b0ce-48f9-8a78-267e5b80181d,1.0,baseline,2026-04-17T17:41:50Z
34ac5cfc-87ad-4e3a-ae9c-9d820a8ca74e,2026-04,1116340,f268dd7c-b0ce-48f9-8a78-267e5b80181d,14.0,baseline,2026-04-17T17:41:50Z
7079ce95-bc0b-4d7d-9fa3-41ca2cf18230,2026-04,4239532,f268dd7c-b0ce-48f9-8a78-267e5b80181d,10.0,baseline,2026-04-17T17:41:50Z
67cef871-c6ef-4871-9f16-3f935f69c6ca,2026-04,1000468,ebe915ee-6a18-4763-a3b3-0448a2e164cc,1.0,baseline,2026-04-17T17:41:50Z
0cd17da6-0688-4438-8a58-2fb68ad32eee,2026-04,1116340,ebe915ee-6a18-4763-a3b3-0448a2e164cc,14.0,baseline,2026-04-17T17:41:50Z
6c6d981a-536c-4c20-94a2-0db73d624c36,2026-04,4239532,ebe915ee-6a18-4763-a3b3-0448a2e164cc,10.0,baseline,2026-04-17T17:41:50Z
d306a8c7-6b42-421f-85c9-7877605fb4fd,2026-04,1116340,f51e6b2b-5d29-49eb-a0ac-931bbcd338ea,2.0,baseline,2026-04-17T17:41:50Z
bd8e3a7e-7b9c-4822-b9ba-a423fa30c4ab,2026-05,4239532,f51e6b2b-5d29-49eb-a0ac-931bbcd338ea,2.0,baseline,2026-04-17T17:41:50Z
fc6b7f6b-ab0c-425c-b32c-17a83d49c978,2026-05,EXT_55DCA234,f51e6b2b-5d29-49eb-a0ac-931bbcd338ea,20.0,baseline,2026-04-17T17:41:50Z
ebb344d0-6af5-41a4-9385-8f6b5a5b042a,2026-04,1000468,523e5afe-aed2-44ba-aff6-85064592468e,8.0,baseline,2026-04-17T17:41:50Z
8a34ccfe-fc0b-4a40-b367-fb36bf087f93,2026-04,1116340,523e5afe-aed2-44ba-aff6-85064592468e,10.0,baseline,2026-04-17T17:41:50Z
79c0682f-b7b9-4ac4-92ba-2f952be80866,2026-04,4239532,523e5afe-aed2-44ba-aff6-85064592468e,25.0,baseline,2026-04-17T17:41:50Z
d04d45f6-eac2-4a3a-8122-00f5165cc3c6,2026-05,4239532,523e5afe-aed2-44ba-aff6-85064592468e,20.0,baseline,2026-04-17T17:41:50Z
aa5bc1ee-2cbb-45e6-93d1-56bbac178d2e,2026-04,4429378,7f5e2502-3837-4cce-a132-57de368f8aea,4.0,baseline,2026-04-17T17:41:50Z
b51845d7-8b95-4b73-a74e-ff1c731864d5,2026-04,4429378,32f64be8-5bf1-4328-beb9-74d87dd79987,2.0,baseline,2026-04-17T17:41:50Z
536df3a6-7742-43d5-be5e-cc8e929bcfe4,2026-04,4429378,1a9043b4-d65b-4fa0-bafe-bf7688615123,2.0,baseline,2026-04-17T17:41:50Z
925fe3a8-5a53-4d01-9883-d44919a4503d,2026-04,4429378,5ac8e0da-de20-4f1f-904d-0fe05587956b,1.0,baseline,2026-04-17T17:41:50Z
56810b4e-ecca-4e1f-a083-67e55fb1594b,2026-04,1116340,3fb2d129-ed93-472f-8f4c-47f07907675b,2.0,baseline,2026-04-17T17:41:50Z
5c467d04-22a2-465d-b02e-108bb809193f,2026-04,EXT_E92A76B8,3fb2d129-ed93-472f-8f4c-47f07907675b,8.0,baseline,2026-04-17T17:41:50Z
08185366-fd8b-4050-9604-05efb2867972,2026-05,EXT_55DCA234,eb3c7d26-06a3-47a2-9488-917f44c44157,20.0,baseline,2026-04-17T17:41:50Z
1fc4f093-5c6d-4c58-82fb-d8587197dca5,2026-04,1116340,356ba837-7de1-421e-8641-2b96cb5acbb1,4.0,baseline,2026-04-17T17:41:50Z
a68e5cbe-7cf0-4a2a-b1da-16d010e557bc,2026-04,EXT_18948827,356ba837-7de1-421e-8641-2b96cb5acbb1,40.0,baseline,2026-04-17T17:41:50Z
0f3674ea-f29d-444c-82d3-860dcbae9ead,2026-05,EXT_18948827,356ba837-7de1-421e-8641-2b96cb5acbb1,28.0,baseline,2026-04-17T17:41:50Z
c1f8d68f-b1d3-40cd-ba3f-9719a339d184,2026-04,1116340,0b560434-4064-4180-98ca-0780800e5ac5,1.0,baseline,2026-04-17T17:41:50Z
cbaa4045-a977-4158-9f0c-ff652ea73ff7,2026-04,EXT_2A921DFC,0b560434-4064-4180-98ca-0780800e5ac5,4.0,baseline,2026-04-17T17:41:50Z
bf0fe24b-1946-426e-b896-60cc535070bc,2026-04,1116340,ad1e3051-7916-456d-99f5-717ca1a50cc8,1.0,baseline,2026-04-17T17:41:50Z
ab2131d3-22af-4e07-b9ec-a662db7bf00f,2026-04,EXT_18948827,ad1e3051-7916-456d-99f5-717ca1a50cc8,8.0,baseline,2026-04-17T17:41:50Z
3e2098a4-3e97-4182-8a2b-19e5767699db,2026-04,EXT_E92A76B8,ad1e3051-7916-456d-99f5-717ca1a50cc8,8.0,baseline,2026-04-17T17:41:50Z
2062b0ee-7482-421b-857b-4bfded388e2c,2026-04,EXT_2A921DFC,ad1e3051-7916-456d-99f5-717ca1a50cc8,4.0,baseline,2026-04-17T17:41:50Z
bbd3dd54-c498-4de0-a0f6-cbe20239e753,2026-05,EXT_18948827,ad1e3051-7916-456d-99f5-717ca1a50cc8,4.0,baseline,2026-04-17T17:41:50Z
b127947f-4eb2-4566-acbe-9deb720f0306,2026-05,EXT_E92A76B8,ad1e3051-7916-456d-99f5-717ca1a50cc8,16.0,baseline,2026-04-17T17:41:50Z
1a7e1057-98fb-4a5f-a384-c3ed4ffe7067,2026-04,1116340,eafc16c8-e34c-4c87-95ed-64840cefa1da,3.0,baseline,2026-04-17T17:41:50Z
6d917665-4f5a-4a2d-9033-61c4e48df129,2026-04,1000468,0b3cd3bf-2b22-433a-87fe-db9c480d7fbb,1.0,baseline,2026-04-17T17:41:50Z
ce04b0a5-3818-4c3d-8609-9bff050ec7ba,2026-04,4784989,0b3cd3bf-2b22-433a-87fe-db9c480d7fbb,6.0,baseline,2026-04-17T17:41:50Z
d22b3deb-730b-4c85-b1ff-4ad818e5e4fa,2026-04,1000468,b361c97b-670d-4d9c-bafa-dfefde406fcd,4.0,baseline,2026-04-17T17:41:50Z
75f9f4fd-c2db-493d-8ff4-69425647ff43,2026-04,4784989,b361c97b-670d-4d9c-bafa-dfefde406fcd,10.0,baseline,2026-04-17T17:41:50Z
99bc669d-d0be-4ed3-b2d7-c217c71669fe,2026-05,4941756,b361c97b-670d-4d9c-bafa-dfefde406fcd,4.0,baseline,2026-04-17T17:41:50Z
3c106a06-d715-4965-9b4d-9c5e07d9fff1,2026-04,4784989,3c25f206-47af-4ce0-857a-4d2bca0204ca,1.0,baseline,2026-04-17T17:41:50Z
fa1131e3-48b6-4859-9d23-84eb17958c01,2026-05,4941756,3c25f206-47af-4ce0-857a-4d2bca0204ca,4.0,baseline,2026-04-17T17:41:50Z
60995bf6-1e70-44ea-b891-70ef191f9e63,2026-04,4784989,c97548e8-664c-44c1-942c-a9b5c03a9e72,3.0,baseline,2026-04-17T17:41:50Z
7a997c90-b3dc-4525-bff4-4b4fafec5ca3,2026-04,4941756,c97548e8-664c-44c1-942c-a9b5c03a9e72,2.0,baseline,2026-04-17T17:41:50Z
f081e5fc-7c88-4c25-8ce1-d35984b3be6e,2026-04,4784989,33d5581d-cef8-4aa6-9c1b-5373d97417f9,28.0,baseline,2026-04-17T17:41:50Z
c6d3c848-1f22-43d3-a8f4-3e3b2f3e7539,2026-04,1289367,33d5581d-cef8-4aa6-9c1b-5373d97417f9,28.0,baseline,2026-04-17T17:41:50Z
a5624e58-0e7e-46a8-9cc7-7ffed7a3adc2,2026-04,4784989,86c0946a-6cdb-4a8c-82e6-170769e00958,1.0,baseline,2026-04-17T17:41:50Z
a1ce7ae2-8385-4df7-a94d-4dd088fff810,2026-05,EXT_18948827,86c0946a-6cdb-4a8c-82e6-170769e00958,10.0,baseline,2026-04-17T17:41:50Z
cfa66902-047c-4678-95b6-7e91d609ecf0,2026-05,3714508,35184c71-c8ef-4fcc-90d4-c291f79b41b7,20.0,baseline,2026-04-17T17:41:50Z
4db9f343-7f4b-489e-82f1-159c8f472307,2026-04,4784989,6f28fbfe-4693-4d8e-ad3a-6973fbe31896,2.0,baseline,2026-04-17T17:41:50Z
9319022f-1039-4b8b-84ed-11ec9fc46dc4,2026-05,3714508,6f28fbfe-4693-4d8e-ad3a-6973fbe31896,8.0,baseline,2026-04-17T17:41:50Z
01432047-8155-4de4-83a5-66da3e932534,2026-05,4941756,5a95ab38-3103-4fe9-b4b1-2977fbb4f675,6.0,baseline,2026-04-17T17:41:50Z
64598070-8a79-42cc-a4a6-ee69a09ba28a,2026-04,4941756,02c6118f-f62d-410f-b79a-66014e53dcbf,8.0,baseline,2026-04-17T17:41:50Z
a5b144ab-8d9a-463c-b14b-80d22d4263c3,2026-05,4941756,02c6118f-f62d-410f-b79a-66014e53dcbf,8.0,baseline,2026-04-17T17:41:50Z
7a9e81b4-a9ee-4c0c-a1e1-8e82b57fa748,2026-05,EXT_18948827,0b70ed61-63fa-49c7-b176-5ca17910bdd0,40.0,baseline,2026-04-17T17:41:50Z
54a82248-24ff-4d7a-a94f-987875184c22,2026-05,EXT_55DCA234,ade6552c-0449-4ee8-a3e9-368806259374,10.0,baseline,2026-04-17T17:41:50Z
d0693884-1854-4819-aad5-a65a8c8df6d6,2026-05,EXT_74CF3E48,ae81d713-aff4-484f-9a67-855ec6992e69,24.0,baseline,2026-04-17T17:41:50Z
d06fbc34-6511-4111-a4fa-7202c6089c98,2026-05,EXT_55DCA234,e0da924a-5969-43f5-9582-28006e569e3a,10.0,baseline,2026-04-17T17:41:50Z
ead5b304-6eba-4e52-ad6e-1bb896ce4f85,2026-05,EXT_55DCA234,f268dd7c-b0ce-48f9-8a78-267e5b80181d,20.0,baseline,2026-04-17T17:41:50Z
a4e5c785-0b6d-4d8f-bfd6-fdfea697f4b4,2026-05,EXT_55DCA234,a85b7cb3-c68c-4fb2-bbcc-b1b2951d80b2,5.0,baseline,2026-04-17T17:41:50Z
6233a23d-395e-4797-8fc3-66cc354b1190,2026-05,EXT_55DCA234,6726fa91-c8c0-42d5-bfd6-f3a44055fd5c,5.0,baseline,2026-04-17T17:41:50Z
e9abbd52-4a69-4d8d-bbc0-4ae0c08f2e38,2026-05,EXT_55DCA234,e6102f81-c755-4cc9-8079-e5c8d234b67e,15.0,baseline,2026-04-17T17:41:50Z
a3d7897e-bfe6-4950-8d67-47f3b8b51798,2026-05,EXT_55DCA234,a66ead18-7f92-4c2f-aa37-412344a8caee,50.0,baseline,2026-04-17T17:41:50Z
495a34ac-c197-4fa9-bb87-d138e8fb8fb3,2026-05,EXT_18948827,f50116b9-5072-404e-8c05-208cec25d473,8.0,baseline,2026-04-17T17:41:50Z
5155ac73-72be-4c77-9041-179637fa291f,2026-04,1289367,ca339cc8-b50a-4748-b49b-90b9822f2739,2.0,baseline,2026-04-17T17:41:50Z
ae7b25c0-2823-4097-a004-1bb614d8b25f,2026-05,EXT_18948827,3d74bf46-5de8-4d0d-8cac-191253cf895b,10.0,baseline,2026-04-17T17:41:50Z
e9cd3c92-9a90-4309-b742-e7aff8fe5933,2026-05,EXT_18948827,7d3bc264-b672-4543-b8ae-4d7ce13a0dbc,8.0,baseline,2026-04-17T17:41:50Z
42f0d7b3-e388-4016-8358-1c84b6e2bdcc,2026-04,3714508,a2759f88-c2d2-49e9-a739-b142259c1787,20.0,baseline,2026-04-17T17:41:50Z
e93c0ecb-f6f2-4a8f-a29c-66ae4b9277c4,2026-05,3714508,a2759f88-c2d2-49e9-a739-b142259c1787,20.0,baseline,2026-04-17T17:41:50Z
4a939ddc-e6aa-41e0-a592-b653cb76bf7b,2026-04,4941756,cd93f55d-785b-4a82-b396-c357eb51b5a0,2.0,baseline,2026-04-17T17:41:50Z
cff4a521-04a1-4c69-9ae5-37123d2e1b58,2026-05,4941756,cd93f55d-785b-4a82-b396-c357eb51b5a0,2.0,baseline,2026-04-17T17:41:50Z
e5a48376-f75a-4df4-b96e-68a34385be19,2026-04,3250369,cc8b4ccc-5e9b-475a-8741-86507df3652c,5.0,baseline,2026-04-17T17:41:50Z
95f2d0f2-c06a-4e0b-96d1-d4cfa8082e58,2026-04,1289367,bd3a50d7-33ab-4822-a787-76b31b769a9d,12.0,baseline,2026-04-17T17:41:50Z
d956f6cd-7147-4678-8212-06d044d84384,2026-05,4941756,bd3a50d7-33ab-4822-a787-76b31b769a9d,2.0,baseline,2026-04-17T17:41:50Z
8f6d45c3-3b2e-42d8-9106-6afb42abed5a,2026-04,4941756,366c5bf3-d92c-49eb-9cad-2b7ad15b49d4,16.0,baseline,2026-04-17T17:41:50Z
da64d6e9-67ef-4900-ae87-184c9dc148f4,2026-05,4941756,366c5bf3-d92c-49eb-9cad-2b7ad15b49d4,16.0,baseline,2026-04-17T17:41:50Z
61ee2e77-edf8-419b-8c00-0dece8c4cebb,2026-04,4784989,39a8c2b2-56ec-4044-87bb-817fe0ee3abb,2.0,baseline,2026-04-17T17:41:50Z
d6d7a056-9f10-41c2-8d92-de1ae11f738e,2026-04,1289367,39a8c2b2-56ec-4044-87bb-817fe0ee3abb,2.0,baseline,2026-04-17T17:41:50Z
831fafe2-4b8d-4c5e-8a5f-2c1c473e8bf1,2026-04,4784989,5be97982-4673-4592-88e1-e57e8948d560,25.0,baseline,2026-04-17T17:41:50Z
78b9b4a2-97be-415d-bb6e-3321b2b3a113,2026-04,1289367,5be97982-4673-4592-88e1-e57e8948d560,2.0,baseline,2026-04-17T17:41:50Z
663d42d6-d38c-4a0b-80a8-92e90d7eb67a,2026-05,4941756,5be97982-4673-4592-88e1-e57e8948d560,20.0,baseline,2026-04-17T17:41:50Z
ec8beb83-722c-4616-9379-a8254002e804,2026-04,4784989,22934ff6-e543-4787-9ac7-0126ffa564fb,35.0,baseline,2026-04-17T17:41:50Z
f4f3b416-1a36-48ab-8460-9f8c858bda5d,2026-04,1289367,22934ff6-e543-4787-9ac7-0126ffa564fb,2.0,baseline,2026-04-17T17:41:50Z
1bede7e3-7262-4230-ab18-5bfb36fb7e57,2026-05,4941756,22934ff6-e543-4787-9ac7-0126ffa564fb,24.0,baseline,2026-04-17T17:41:50Z
da45bbb9-3a89-41f5-be8e-c24675791306,2026-04,1000468,413ed6a2-d279-4e82-98e4-1f907ad21c11,4.0,baseline,2026-04-17T17:41:50Z
eb4214ae-8ae7-48e9-ad8b-a44333059e79,2026-04,4941756,413ed6a2-d279-4e82-98e4-1f907ad21c11,16.0,baseline,2026-04-17T17:41:50Z
264afaf5-6ddd-4ca8-897c-484255ce898b,2026-04,4429378,01dc6faf-7e92-4037-bb3c-e0f0c1d52d4a,4.0,baseline,2026-04-17T17:41:50Z
7497a19f-0d69-4a9f-8b8c-afce1dd42514,2026-04,1116340,3962eea3-4cdc-4fc9-9a4c-4626fa2862d8,1.0,baseline,2026-04-17T17:41:50Z
9d8a884c-d297-455d-b04b-fb518bd87ad7,2026-04,1000468,de400937-3d86-4d72-9e8c-576e2babf24a,2.0,baseline,2026-04-17T17:41:50Z
4a919111-496b-40ce-a350-452a68ec7826,2026-04,1116340,de400937-3d86-4d72-9e8c-576e2babf24a,15.0,baseline,2026-04-17T17:41:50Z
1adf3b82-c69f-4d27-8374-55e7478f5012,2026-05,4239532,de400937-3d86-4d72-9e8c-576e2babf24a,5.0,baseline,2026-04-17T17:41:50Z
2b99640a-43b3-4e01-9d87-30d64eedd21f,2026-05,4239532,8c5f07b0-2c33-4044-af5d-139e6db0c8df,5.0,baseline,2026-04-17T17:41:50Z
7312738a-bf9d-4b77-b1ef-8653a9833db9,2026-05,4239532,41922926-b906-42c6-80bb-50ba307b0d77,10.0,baseline,2026-04-17T17:41:50Z
2f031e53-d877-4579-bd2f-6c79da5d7c79,2026-04,EXT_2A921DFC,3427122b-eae4-4d1a-81e6-8b211c80d183,10.0,baseline,2026-04-17T17:41:50Z
8ead4a16-9dbb-4d7e-a957-2e085e2449a6,2026-05,EXT_55DCA234,3427122b-eae4-4d1a-81e6-8b211c80d183,20.0,baseline,2026-04-17T17:41:50Z
6dbcd18b-fb89-42c6-b25e-492b94013904,2026-04,1289367,4489355b-5d3e-4b69-8c81-34abfc3f4331,6.0,baseline,2026-04-17T17:41:50Z
9057bc95-bb88-4dd7-b9e0-74b16d4ce75f,2026-04,1116340,004a61f3-9f6e-4fbe-a5d5-f5ac3f17680c,1.0,baseline,2026-04-17T17:41:50Z
a8322e01-6e1e-4438-9b13-d046e670b9bb,2026-04,1116340,1e8d64c4-d430-43e7-86cd-8316d620c655,1.0,baseline,2026-04-17T17:41:50Z
3fa8ef02-9951-42ad-97e6-1a92717fbf22,2026-04,4227549,aa0e1b15-8422-438f-82d6-d07d4048495e,5.0,baseline,2026-04-17T17:41:50Z
565011de-c70f-4b5f-a713-73f0b397e2c7,2026-04,5611517,aa0e1b15-8422-438f-82d6-d07d4048495e,2.0,baseline,2026-04-17T17:41:50Z
c534cb48-efcd-4392-b6ea-b5412613bfcf,2026-05,4227549,aa0e1b15-8422-438f-82d6-d07d4048495e,8.0,baseline,2026-04-17T17:41:50Z
4d10c254-0394-4e8c-aca3-c8206481643e,2026-04,EXT_18948827,57abdb16-f304-4074-8da9-0369f836d53b,10.0,baseline,2026-04-17T17:41:50Z
e50872e4-fb8e-4e74-825c-1cc086bfb364,2026-05,EXT_18948827,57abdb16-f304-4074-8da9-0369f836d53b,22.0,baseline,2026-04-17T17:41:50Z
f1d986e5-1778-4f43-9c46-f3fc3dee5317,2026-04,4429378,fa4d3aa6-5435-484b-b359-9345eebe2f9e,1.0,baseline,2026-04-17T17:41:50Z
b4493088-2d40-45a8-9c68-39e8feb4b1e3,2026-04,3250369,fa4d3aa6-5435-484b-b359-9345eebe2f9e,10.0,baseline,2026-04-17T17:41:50Z
21cca3d4-807b-41d5-881e-2b90819d40be,2026-05,4941756,4209cdc9-c196-477d-8a77-eb1892b0b6e9,2.0,baseline,2026-04-17T17:41:50Z
fdbd62ee-b0f1-4373-aef3-4dbdb7decdf5,2026-04,4941756,2130f627-9c63-405f-9229-b5add7f2786f,6.0,baseline,2026-04-17T17:41:50Z
68b5c789-a2ce-4bf6-96ec-1a7260a9801b,2026-04,1000468,67ef2629-7bd4-42d7-af1e-8e8c00ee89ac,4.0,baseline,2026-04-17T17:41:50Z
239826d8-9c4f-48a7-a800-bf3215c86ba2,2026-04,4227549,67ef2629-7bd4-42d7-af1e-8e8c00ee89ac,20.0,baseline,2026-04-17T17:41:50Z
45765e03-ebff-4c51-b01b-c5027409844f,2026-04,5611517,67ef2629-7bd4-42d7-af1e-8e8c00ee89ac,5.0,baseline,2026-04-17T17:41:50Z
dc52ac3a-6d4a-4bec-adf1-fb1eca4c6ef7,2026-05,4227549,67ef2629-7bd4-42d7-af1e-8e8c00ee89ac,25.0,baseline,2026-04-17T17:41:50Z
920e131f-10ee-4714-adad-48c195d026d8,2026-05,5611517,67ef2629-7bd4-42d7-af1e-8e8c00ee89ac,80.0,baseline,2026-04-17T17:41:50Z
dbb4e370-8bc8-4c3c-8c61-d46f145f2a56,2026-04,4227549,54cf7e78-e34c-486f-a943-38a77d8d9068,20.0,baseline,2026-04-17T17:41:50Z
deda998a-4b20-48dd-9636-556969c68997,2026-04,5611517,54cf7e78-e34c-486f-a943-38a77d8d9068,20.0,baseline,2026-04-17T17:41:50Z
e0929623-826c-4719-9a02-5dc953a814d1,2026-05,4227549,54cf7e78-e34c-486f-a943-38a77d8d9068,25.0,baseline,2026-04-17T17:41:50Z
b4d777e8-e5f0-4b00-8c75-522ac40b34cf,2026-04,4227549,4ad321b0-5380-4fe0-a1b3-be538d4f87ec,5.0,baseline,2026-04-17T17:41:50Z
b2c65821-1d90-41ed-9273-34c664ef381a,2026-04,5611517,4ad321b0-5380-4fe0-a1b3-be538d4f87ec,2.0,baseline,2026-04-17T17:41:50Z
eec9e241-e8e1-41f5-b99f-99278c537ed9,2026-05,4227549,4ad321b0-5380-4fe0-a1b3-be538d4f87ec,3.0,baseline,2026-04-17T17:41:50Z
74e28396-454a-40df-89cb-44b1f28be056,2026-04,4227549,6fb998b5-0e77-4934-b63e-3a2708fa695c,5.0,baseline,2026-04-17T17:41:50Z
13544a8e-e8c0-4da2-a498-09dc73fe574c,2026-04,5611517,6fb998b5-0e77-4934-b63e-3a2708fa695c,2.0,baseline,2026-04-17T17:41:50Z
39f2f80c-278a-4430-8240-62308ccaa184,2026-05,4227549,6fb998b5-0e77-4934-b63e-3a2708fa695c,3.0,baseline,2026-04-17T17:41:50Z
9cce32b5-6bd9-418f-95c7-56855d003b63,2026-04,4227549,870c2b1a-7583-4239-af55-7fb85b592c1a,5.0,baseline,2026-04-17T17:41:50Z
9df78791-d9dd-473d-a43e-2d12ace8d969,2026-04,5611517,870c2b1a-7583-4239-af55-7fb85b592c1a,8.0,baseline,2026-04-17T17:41:50Z
9419603b-3304-4d49-89f4-f6c9e2d4fe0a,2026-05,4227549,870c2b1a-7583-4239-af55-7fb85b592c1a,7.0,baseline,2026-04-17T17:41:50Z
54f11912-69a8-4678-8c8d-d4b1dd8ea9c6,2026-04,1000468,127b599c-268f-4cc2-ae51-8444236f4032,1.0,baseline,2026-04-17T17:41:50Z
db9ee345-3966-4a44-bdec-0a3e154d8423,2026-04,4429378,127b599c-268f-4cc2-ae51-8444236f4032,4.0,baseline,2026-04-17T17:41:50Z
8827172a-8ae1-4453-b710-5c5bdf8d585c,2026-04,1000468,75549567-4a59-497d-a98b-a8eaccab974e,1.0,baseline,2026-04-17T17:41:50Z
1cd30358-b6b9-4315-b07a-e414fb8f8011,2026-04,4429378,75549567-4a59-497d-a98b-a8eaccab974e,4.0,baseline,2026-04-17T17:41:50Z
d1fde39f-46ca-489b-a299-9a24dfa0f486,2026-04,1116340,08e68b2d-6d88-4802-9991-ee845e0aeab5,1.0,baseline,2026-04-17T17:41:50Z
957083f1-0a1c-4e98-911d-8e14f2c9df50,2026-04,EXT_2A921DFC,08e68b2d-6d88-4802-9991-ee845e0aeab5,10.0,baseline,2026-04-17T17:41:50Z
56bbb4ab-226e-417b-8d6e-c7a26e647670,2026-04,1116340,a73361cc-e47b-447c-b2f3-28adcdaa1af2,2.0,baseline,2026-04-17T17:41:50Z
7066400a-f56f-488e-9d4a-bcc2199f06f9,2026-04,EXT_55DCA234,a73361cc-e47b-447c-b2f3-28adcdaa1af2,16.0,baseline,2026-04-17T17:41:50Z
64278fc3-f07c-46f1-939f-ea6dad0ab1ad,2026-04,EXT_2A921DFC,a73361cc-e47b-447c-b2f3-28adcdaa1af2,10.0,baseline,2026-04-17T17:41:50Z
9a9f1e5d-2e81-4179-bdcd-0103282ba94e,2026-04,1116340,2f14464d-9a4e-400d-abe4-92c4256516c2,2.0,baseline,2026-04-17T17:41:50Z
8217408c-ed2d-4711-970e-52061e406111,2026-04,EXT_18948827,2f14464d-9a4e-400d-abe4-92c4256516c2,40.0,baseline,2026-04-17T17:41:50Z
f87d8909-64fa-47a0-85e0-8b7116d2d746,2026-05,EXT_18948827,2f14464d-9a4e-400d-abe4-92c4256516c2,25.0,baseline,2026-04-17T17:41:50Z
db46b993-50e0-4544-8d3a-ffaee36a6502,2026-04,1000468,4ded885a-6d1a-4708-be00-718b04223447,1.0,baseline,2026-04-17T17:41:50Z
a23e5dfe-c059-4e90-b5d1-f19b40c6c927,2026-04,1116340,4ded885a-6d1a-4708-be00-718b04223447,3.0,baseline,2026-04-17T17:41:50Z
1ceaea06-9e77-49ec-88b6-bc08768cd35a,2026-04,4239532,4ded885a-6d1a-4708-be00-718b04223447,20.0,baseline,2026-04-17T17:41:50Z
50c45dab-54b2-4e97-999b-4cb926832456,2026-05,4239532,4ded885a-6d1a-4708-be00-718b04223447,10.0,baseline,2026-04-17T17:41:50Z
cf36e24a-7c96-4922-8c20-9f4deee1d94d,2026-04,1116340,a979bfe5-3dbb-4138-ae6d-cf943e1bfc24,1.0,baseline,2026-04-17T17:41:50Z
900f110c-bac9-4b62-8866-028500995f22,2026-04,1116340,953a1c51-b085-4cc4-9acc-21b8ddc8c040,1.0,baseline,2026-04-17T17:41:50Z
3474ff00-686c-4b1e-83d8-0da4b8f1ff0b,2026-04,EXT_55DCA234,953a1c51-b085-4cc4-9acc-21b8ddc8c040,20.0,baseline,2026-04-17T17:41:50Z
6920be62-41c5-4971-9fce-13217336fb3b,2026-05,EXT_55DCA234,953a1c51-b085-4cc4-9acc-21b8ddc8c040,10.0,baseline,2026-04-17T17:41:50Z
34434771-fdaf-4593-a240-6df2a31025fa,2026-04,1000468,9a6071f1-d070-4d23-9720-0ffa64cd619c,1.0,baseline,2026-04-17T17:41:50Z
d794f503-c957-4fec-a883-caaad75b2617,2026-05,EXT_18948827,b3ab2ccb-f310-4973-a096-67b094a2ba97,30.0,baseline,2026-04-17T17:41:50Z
27c74f61-eea8-439e-9ad9-a687ba531bf3,2026-04,1000468,508bbd4e-66d9-4905-8d81-fe616bba4bdd,10.0,baseline,2026-04-17T17:41:50Z
bdb46e84-541d-404b-aecc-13f748fa80f7,2026-04,1116340,508bbd4e-66d9-4905-8d81-fe616bba4bdd,6.0,baseline,2026-04-17T17:41:50Z
f608d0fb-3c03-4dc2-ade9-1b08a1922baa,2026-04,1000468,f8b84053-4bea-43e1-8733-01bd5979473c,40.0,baseline,2026-04-17T17:41:50Z
69b50f6b-5e1a-4e36-a5c4-0362ac2c78ee,2026-04,4429378,f8b84053-4bea-43e1-8733-01bd5979473c,30.0,baseline,2026-04-17T17:41:50Z
f85cccd1-b504-4041-981a-64953af32e09,2026-04,4227549,f8b84053-4bea-43e1-8733-01bd5979473c,5.0,baseline,2026-04-17T17:41:50Z
b092583b-18e3-4897-91f8-da5193fbdf1b,2026-04,4784989,f8b84053-4bea-43e1-8733-01bd5979473c,6.0,baseline,2026-04-17T17:41:50Z
c0681c69-cabf-4a3e-b86c-77c6c72fcce3,2026-04,1116340,f8b84053-4bea-43e1-8733-01bd5979473c,18.0,baseline,2026-04-17T17:41:50Z
966badd9-0994-4dbe-ac17-70fa47fbf677,2026-04,4239532,f8b84053-4bea-43e1-8733-01bd5979473c,20.0,baseline,2026-04-17T17:41:50Z
3a8659b3-955d-4731-ae9f-033a8bf69147,2026-04,1289367,f8b84053-4bea-43e1-8733-01bd5979473c,20.0,baseline,2026-04-17T17:41:50Z
2105ae8b-3c95-4af8-9aeb-9b037f72b3bf,2026-04,4873711,f8b84053-4bea-43e1-8733-01bd5979473c,40.0,baseline,2026-04-17T17:41:50Z
62d199b6-e467-46ad-b9af-9c5a1565ecad,2026-04,5421818,f8b84053-4bea-43e1-8733-01bd5979473c,55.0,baseline,2026-04-17T17:41:50Z
3ce1d433-3508-4c8a-9c35-ca3289b4ce25,2026-04,3714508,f8b84053-4bea-43e1-8733-01bd5979473c,5.0,baseline,2026-04-17T17:41:50Z
602179c3-e18e-4b82-a7ec-f0e7bc743696,2026-05,4227549,f8b84053-4bea-43e1-8733-01bd5979473c,8.0,baseline,2026-04-17T17:41:50Z
1058904f-ecc9-4547-80bd-f7d40f71c68f,2026-05,4239532,f8b84053-4bea-43e1-8733-01bd5979473c,48.0,baseline,2026-04-17T17:41:50Z
d9d3938a-377a-404c-9823-205bd7427d96,2026-04,1000468,0611dedd-fc75-4a77-b3cf-c8fcd26d2f65,10.0,baseline,2026-04-17T17:41:50Z
27af9341-3ee4-49ba-b112-5218aeb8dac0,2026-04,1000468,79384ec8-8b2c-4fac-b329-7ef040eb92ca,5.0,baseline,2026-04-17T17:41:50Z
5ceb408a-13ca-4661-8d4f-468086994a5c,2026-05,5611517,d3cb36f4-0949-4797-8b7e-3bb1bfac79c1,4.0,baseline,2026-04-17T17:41:50Z
85cdeb9f-e42d-4159-b698-f294e9dc557a,2026-05,4941756,8e1c22cd-7b65-4f10-b772-6eedf59b9e64,2.0,baseline,2026-04-17T17:41:50Z
c39f388d-72d6-4800-8390-bcf8c0bd36b4,2026-05,5611517,d77f418f-d7fa-4e2c-b510-82570dde64e5,2.0,baseline,2026-04-17T17:41:50Z
de91c827-e3b3-47a0-9ec5-f0b4ecdd4737,2026-05,5611517,58109eb5-30d2-415b-90f8-d0e307b58667,4.0,baseline,2026-04-17T17:41:50Z
cfed9f65-a2f6-4fae-a2e2-7764e01ee41b,2026-05,5611517,b4af13ce-eda5-47af-ad69-8e6ee7267eac,4.0,baseline,2026-04-17T17:41:50Z
80851973-6e8a-4923-9e63-e68e438e3ab2,2026-05,5611517,32ceac5f-f31b-4780-801d-2eba5a51475f,3.0,baseline,2026-04-17T17:41:50Z
dd9df762-2c6b-4812-9033-691ed2b3c7c4,2026-05,EXT_55DCA234,831b2915-9594-4a91-b36c-696dd198c583,10.0,baseline,2026-04-17T17:41:50Z
38e7092b-132c-4f97-8963-26be0d14b684,2026-05,4941756,9b08131f-7c99-4ebd-9854-a91623dcd5c9,4.0,baseline,2026-04-17T17:41:50Z
f9579d31-e2d6-4db0-9ca1-4526f2eb8cfb,2026-05,4941756,94565d03-8c84-4d0b-99e5-c59a68414537,4.0,baseline,2026-04-17T17:41:50Z
5e94d567-51d3-437d-b0dc-1f959c562932,2026-05,4941756,ff3f1c1e-e0f3-4329-a219-6ba6800fcc9e,4.0,baseline,2026-04-17T17:41:50Z
19638102-3f6f-469f-8ed3-8f7707ac7b62,2026-04,4227549,e522e508-0a1c-4bda-a561-6968108fa27f,1.0,baseline,2026-04-17T17:41:50Z
fe44007d-5b3a-4bad-8bb1-4d3680f47c7e,2026-04,5611517,e522e508-0a1c-4bda-a561-6968108fa27f,4.0,baseline,2026-04-17T17:41:50Z
39692367-2b83-4c76-bc92-1cf32455bb1e,2026-05,4227549,e522e508-0a1c-4bda-a561-6968108fa27f,1.0,baseline,2026-04-17T17:41:50Z
264ca81b-4f5c-47c9-9830-e33da5d7b574,2026-05,5611517,e522e508-0a1c-4bda-a561-6968108fa27f,3.0,baseline,2026-04-17T17:41:50Z
a939461e-156a-4fb8-aa0e-d4652bd95779,2026-04,4227549,17e261c6-a27f-426f-8732-18a4b63ed2f7,2.0,baseline,2026-04-17T17:41:50Z
fe1d8ca8-24b2-4f98-9d71-e34b0220c9c7,2026-04,5611517,17e261c6-a27f-426f-8732-18a4b63ed2f7,8.0,baseline,2026-04-17T17:41:50Z
b918885f-26cc-48ad-9997-5b118d0b6400,2026-05,4227549,17e261c6-a27f-426f-8732-18a4b63ed2f7,1.0,baseline,2026-04-17T17:41:50Z
5d1d64d5-733f-4884-80f3-059b94ecc157,2026-05,5611517,17e261c6-a27f-426f-8732-18a4b63ed2f7,3.0,baseline,2026-04-17T17:41:50Z
370f3843-6c78-4e94-8dd3-a20dc051446d,2026-04,4941756,a4df68f8-7d74-4d67-80dc-a4b3144d5693,4.0,baseline,2026-04-17T17:41:50Z
7b2e6db0-b34d-419e-b3ea-df279d3faee7,2026-05,4941756,a4df68f8-7d74-4d67-80dc-a4b3144d5693,2.0,baseline,2026-04-17T17:41:50Z
6739077e-2a86-4aac-b14e-3975e624a656,2026-04,4227549,835d2439-c376-4a97-9199-002ff1e59311,1.0,baseline,2026-04-17T17:41:50Z
c1fdacdd-5d9d-4568-a96e-a4bd683698c0,2026-04,5611517,835d2439-c376-4a97-9199-002ff1e59311,4.0,baseline,2026-04-17T17:41:50Z
bd4a9484-ddf7-4f13-aafe-8832d310232c,2026-05,4227549,835d2439-c376-4a97-9199-002ff1e59311,1.0,baseline,2026-04-17T17:41:50Z
94e05958-4bbc-4609-9a91-ecee817bdb0d,2026-05,5611517,835d2439-c376-4a97-9199-002ff1e59311,3.0,baseline,2026-04-17T17:41:50Z
3d827d88-f78d-4477-b222-0db2f1c68e07,2026-04,4429378,1b60ddfd-fec9-4634-9bfb-b654b5eb81be,1.0,baseline,2026-04-17T17:41:50Z
c56695f6-d2e7-41e9-b4d9-f5f1b522e1aa,2026-04,4873711,1b60ddfd-fec9-4634-9bfb-b654b5eb81be,6.0,baseline,2026-04-17T17:41:50Z
9a1dc0df-fc88-455b-a46c-937ef4a7c336,2026-04,1116340,5af0daba-6f9e-47c9-8190-5c95eb199501,1.0,baseline,2026-04-17T17:41:50Z
cf7ddaea-212c-4620-a0e3-92bebd9ce971,2026-04,EXT_2A921DFC,5af0daba-6f9e-47c9-8190-5c95eb199501,20.0,baseline,2026-04-17T17:41:50Z
cbb3b46a-bca1-4eec-805e-4811bae969aa,2026-04,4227549,765c91dd-3c45-4f71-8248-372217da93e4,1.0,baseline,2026-04-17T17:41:50Z
dcbfd6e2-f276-4498-86ef-d016363e60ce,2026-04,5611517,765c91dd-3c45-4f71-8248-372217da93e4,4.0,baseline,2026-04-17T17:41:50Z
46c17358-2555-4b3c-80c3-d8516fc4be19,2026-05,4227549,765c91dd-3c45-4f71-8248-372217da93e4,1.0,baseline,2026-04-17T17:41:50Z
ec6ce0b7-d162-4cc4-bf3e-44ec2dbf993a,2026-05,5611517,765c91dd-3c45-4f71-8248-372217da93e4,3.0,baseline,2026-04-17T17:41:50Z
b40b6ca3-5877-48cf-9217-420ba0fed83c,2026-04,4941756,ab0ecb3f-68e5-42d7-b264-e89c75996a57,6.0,baseline,2026-04-17T17:41:50Z
e5a80433-7919-4439-b1ee-574e36447dc5,2026-05,4941756,ab0ecb3f-68e5-42d7-b264-e89c75996a57,2.0,baseline,2026-04-17T17:41:50Z
84908c15-bdc8-48a1-b4ea-e42b3984b1e1,2026-04,4227549,0b2f4b7e-4a31-4551-a31a-e4b47b0714b5,1.0,baseline,2026-04-17T17:41:50Z
fcb0abf8-8fbd-43f4-82d1-54eb5cb8d6fb,2026-04,5611517,0b2f4b7e-4a31-4551-a31a-e4b47b0714b5,4.0,baseline,2026-04-17T17:41:50Z
67c634ca-9b5d-4dcc-912e-bb24110a9c96,2026-05,4227549,0b2f4b7e-4a31-4551-a31a-e4b47b0714b5,1.0,baseline,2026-04-17T17:41:50Z
3ddeb1f8-d0cf-4b8c-8dfc-b1daaab86f90,2026-05,5611517,0b2f4b7e-4a31-4551-a31a-e4b47b0714b5,1.0,baseline,2026-04-17T17:41:50Z
8bb8bbed-4af9-4d1f-960b-ca2f63dbaa3c,2026-04,1289367,140263a4-402d-4ac5-98f7-078936db3fb1,1.0,baseline,2026-04-17T17:41:50Z
6faf54f2-7d2e-4a55-b71b-cb8b8a9ae3f2,2026-04,3714508,140263a4-402d-4ac5-98f7-078936db3fb1,8.0,baseline,2026-04-17T17:41:50Z
df3ae83f-0cb9-4914-bf3f-b1410dee3fd5,2026-04,4227549,ff814e2a-8e67-4b57-a52d-7136a4450c83,1.0,baseline,2026-04-17T17:41:50Z
7cbd1f77-917a-4da4-aa67-2ae4d2c9f5e9,2026-04,5611517,ff814e2a-8e67-4b57-a52d-7136a4450c83,2.0,baseline,2026-04-17T17:41:50Z
f10ea63d-d012-4bde-b683-6b869862c7c3,2026-05,4227549,ff814e2a-8e67-4b57-a52d-7136a4450c83,1.0,baseline,2026-04-17T17:41:50Z
26e12bd7-bbc2-4a14-b710-0e556b082085,2026-05,5611517,ff814e2a-8e67-4b57-a52d-7136a4450c83,4.0,baseline,2026-04-17T17:41:50Z
8e8e8112-c8c0-467a-8a58-c6d1368601f6,2026-04,4227549,6ea78150-fe20-44d9-a0e4-6151e8f8c8a6,1.0,baseline,2026-04-17T17:41:50Z
c0b63624-41d7-466d-acae-e98cb12ef43a,2026-04,5611517,6ea78150-fe20-44d9-a0e4-6151e8f8c8a6,4.0,baseline,2026-04-17T17:41:50Z
2efb7ea3-ec20-4411-81c2-076c5eb68f37,2026-05,4227549,6ea78150-fe20-44d9-a0e4-6151e8f8c8a6,1.0,baseline,2026-04-17T17:41:50Z
0bf13240-a34e-447a-a12f-5b0d37e2a5cc,2026-05,5611517,6ea78150-fe20-44d9-a0e4-6151e8f8c8a6,2.0,baseline,2026-04-17T17:41:50Z
17e8797a-967d-4aaf-8bac-d31355ee23fa,2026-04,4873711,32e475e8-9d5d-4395-8d0f-85bd145c1246,4.0,baseline,2026-04-17T17:41:50Z
c32a0a9c-b0dc-4e06-81e7-cb04e2438eee,2026-04,4227549,3f782203-7b60-4149-aafc-8d902256f45f,1.0,baseline,2026-04-17T17:41:50Z
0e84f385-5b11-4ab9-99da-4a82b0e2e3e8,2026-04,5611517,3f782203-7b60-4149-aafc-8d902256f45f,4.0,baseline,2026-04-17T17:41:50Z
7a27bce6-7fb8-4582-80cb-379aab152fc0,2026-05,4227549,3f782203-7b60-4149-aafc-8d902256f45f,1.0,baseline,2026-04-17T17:41:50Z
e26049f8-f18a-4930-8e13-013389302749,2026-05,5611517,3f782203-7b60-4149-aafc-8d902256f45f,2.0,baseline,2026-04-17T17:41:50Z
49a20f36-9b92-41aa-b3ec-4a742fbb6115,2026-04,4227549,0434b49d-5f91-4e25-8697-7717a7ec398b,1.0,baseline,2026-04-17T17:41:50Z
2487ef62-bd15-49a0-9748-23b006ca9b05,2026-04,5611517,0434b49d-5f91-4e25-8697-7717a7ec398b,4.0,baseline,2026-04-17T17:41:50Z
8683084c-cc58-4747-b7ba-721fa2edc0d2,2026-05,4227549,0434b49d-5f91-4e25-8697-7717a7ec398b,1.0,baseline,2026-04-17T17:41:50Z
d9cea8c4-14f7-4390-8bb3-9741b10249c4,2026-05,5611517,0434b49d-5f91-4e25-8697-7717a7ec398b,2.0,baseline,2026-04-17T17:41:50Z
13451b62-78eb-4cc2-822c-1b01040bd5b5,2026-04,3714508,18e9e27f-250f-4a77-bbb5-5f3dbf4d2de8,2.0,baseline,2026-04-17T17:41:50Z
f1b70a27-7513-4881-928b-ac68fb20a578,2026-05,3714508,18e9e27f-250f-4a77-bbb5-5f3dbf4d2de8,8.0,baseline,2026-04-17T17:41:50Z
bfec167c-e68d-4229-80cc-90366eb530de,2026-04,4227549,28929c43-00d6-47cc-a32d-a43d58cc40e1,2.0,baseline,2026-04-17T17:41:50Z
947bbf5f-f68f-407e-b7f5-e17561b7ac80,2026-04,5611517,28929c43-00d6-47cc-a32d-a43d58cc40e1,4.0,baseline,2026-04-17T17:41:50Z
92a34822-697b-4a7d-87d9-c41c4308e50a,2026-05,4227549,28929c43-00d6-47cc-a32d-a43d58cc40e1,1.0,baseline,2026-04-17T17:41:50Z
d3d9a949-13ba-466d-a2fe-a5d7d069c3f3,2026-05,5611517,28929c43-00d6-47cc-a32d-a43d58cc40e1,2.0,baseline,2026-04-17T17:41:50Z
d8fbc4ac-512d-4fe2-94b9-26c42828247e,2026-04,4227549,929e8d14-f5ee-4bcf-b444-db238e48c6db,2.0,baseline,2026-04-17T17:41:50Z
89a95a3d-ca09-4db8-9cb2-1ac473a99783,2026-04,5611517,929e8d14-f5ee-4bcf-b444-db238e48c6db,4.0,baseline,2026-04-17T17:41:50Z
e7566db5-6769-4f8d-9d7d-9642d82ac8a1,2026-05,4227549,929e8d14-f5ee-4bcf-b444-db238e48c6db,1.0,baseline,2026-04-17T17:41:50Z
9eb6486c-5bb4-4298-98da-367add5fc108,2026-05,5611517,929e8d14-f5ee-4bcf-b444-db238e48c6db,2.0,baseline,2026-04-17T17:41:50Z
8a96698d-8301-479c-9aea-648271caa954,2026-04,4227549,a272044e-512e-438b-95a2-2f8593a7405e,2.0,baseline,2026-04-17T17:41:50Z
e8e2a07b-b02e-49d9-9634-bda8506397fc,2026-04,5611517,a272044e-512e-438b-95a2-2f8593a7405e,4.0,baseline,2026-04-17T17:41:50Z
173d326e-94b4-403b-8232-73bdd5a1b30c,2026-05,4227549,a272044e-512e-438b-95a2-2f8593a7405e,1.0,baseline,2026-04-17T17:41:50Z
64c47807-2069-4375-b1ed-0280be14c1c1,2026-05,5611517,a272044e-512e-438b-95a2-2f8593a7405e,2.0,baseline,2026-04-17T17:41:50Z
440f23c0-be2e-4909-9f7d-88a6664b79ed,2026-04,3714508,ff08cb9c-2080-4976-821f-367f12f16e7b,8.0,baseline,2026-04-17T17:41:50Z
9e355169-7629-4261-948b-fa14cb217685,2026-05,3714508,ff08cb9c-2080-4976-821f-367f12f16e7b,5.0,baseline,2026-04-17T17:41:50Z
9f5aa222-74fe-47e5-a964-eaa90f0967e3,2026-04,3250369,46296096-a3c5-4936-a446-0bafcc7361d9,20.0,baseline,2026-04-17T17:41:50Z
13195292-84d2-4b9f-b10f-97755c6c5768,2026-04,4227549,f0b6de7b-9ff2-4e65-895c-7d2d3b3f1e5b,1.0,baseline,2026-04-17T17:41:50Z
eee6a54f-06ad-43de-8397-29cbeea41164,2026-04,5611517,f0b6de7b-9ff2-4e65-895c-7d2d3b3f1e5b,4.0,baseline,2026-04-17T17:41:50Z
502160f9-7e8c-488d-9764-e768d4e865be,2026-05,4227549,f0b6de7b-9ff2-4e65-895c-7d2d3b3f1e5b,1.0,baseline,2026-04-17T17:41:50Z
6c91fce1-3d84-48d9-95fc-4fb94993c91b,2026-05,5611517,f0b6de7b-9ff2-4e65-895c-7d2d3b3f1e5b,2.0,baseline,2026-04-17T17:41:50Z
d1a9f524-34d6-4236-bb81-f993d65d6681,2026-04,4227549,b589d78d-d5a0-4b89-9b85-1a82ddc1f80b,1.0,baseline,2026-04-17T17:41:50Z
3beaa359-1a52-436c-9de8-29b016f81c15,2026-04,5611517,b589d78d-d5a0-4b89-9b85-1a82ddc1f80b,4.0,baseline,2026-04-17T17:41:50Z
2bd26d93-8baf-4d17-bef5-381622ab663a,2026-05,4227549,b589d78d-d5a0-4b89-9b85-1a82ddc1f80b,1.0,baseline,2026-04-17T17:41:50Z
d42426fb-e2a3-4812-8d1e-a943f23b3429,2026-05,5611517,b589d78d-d5a0-4b89-9b85-1a82ddc1f80b,2.0,baseline,2026-04-17T17:41:50Z
8cadca3d-f988-44a1-a64b-1b5d09bd7b77,2026-04,4429378,09640f2c-62ca-4507-b721-23cd07ad13e5,2.0,baseline,2026-04-17T17:41:50Z
2d192f40-2157-4323-9eea-6140e17b5f6a,2026-04,3250369,8b98ae9a-a6a1-4499-bf17-00e01b3ce34e,10.0,baseline,2026-04-17T17:41:50Z
ed3b851b-bc64-49e9-b10b-e02ccc7e12ae,2026-04,1289367,6d39874a-4b37-4cb2-a8db-79cdec61cd23,4.0,baseline,2026-04-17T17:41:50Z
d0ed2398-2c81-4fc8-ad04-0cf573b3b24d,2026-04,4429378,53c04ffd-39ba-4874-97ba-264ec714a0da,1.0,baseline,2026-04-17T17:41:50Z
b27da6b2-cc82-49f9-b38b-d9bd71322fe7,2026-04,4873711,53c04ffd-39ba-4874-97ba-264ec714a0da,2.0,baseline,2026-04-17T17:41:50Z
59e89be9-5b55-443a-ad9c-7eb0722e316e,2026-04,4429378,07b3719f-4e3d-4145-a075-e3c622dd29e7,1.0,baseline,2026-04-17T17:41:50Z
a8c7dbb5-c5f9-4650-b96a-742288abb0cd,2026-04,4873711,07b3719f-4e3d-4145-a075-e3c622dd29e7,2.0,baseline,2026-04-17T17:41:50Z
7081d344-b461-4947-90b8-5396c8104544,2026-04,3714508,6519788c-fff1-4d81-b256-ae11211bdccc,4.0,baseline,2026-04-17T17:41:50Z
395ed738-01f7-4c94-9336-a24886903a74,2026-05,3714508,6519788c-fff1-4d81-b256-ae11211bdccc,15.0,baseline,2026-04-17T17:41:50Z
581d8696-aa93-4e3c-aa64-8b2be8403938,2026-04,1289367,d60a3d0c-2af2-4df4-ac47-a3c5e93728e2,2.0,baseline,2026-04-17T17:41:50Z
d9ee0d0a-4551-4eae-99d3-379c6442365d,2026-04,4239532,6a8bbb20-1471-4994-a79e-a5cd416e0f3a,3.0,baseline,2026-04-17T17:41:50Z
c030af14-4d79-4260-9631-fb33572ca3bb,2026-05,4239532,6a8bbb20-1471-4994-a79e-a5cd416e0f3a,3.0,baseline,2026-04-17T17:41:50Z
257d114d-5d45-457f-834f-a49b6c84ff5d,2026-04,EXT_55DCA234,25a5e8e7-749f-4685-b24a-8af7f1561d7a,8.0,baseline,2026-04-17T17:41:50Z
d8fae3e2-d895-4037-990f-186fa9e38c28,2026-04,3714508,ea52a52c-0dcc-49a7-8acf-b7cc93797992,16.0,baseline,2026-04-17T17:41:50Z
2f57a06c-604e-44a7-9c14-1f6f01308e41,2026-05,3714508,ea52a52c-0dcc-49a7-8acf-b7cc93797992,10.0,baseline,2026-04-17T17:41:50Z
ea68f2b0-facb-4cd9-a392-02b603e70218,2026-04,1116340,94061291-8520-4429-9ae7-c9a19ac66c11,1.0,baseline,2026-04-17T17:41:50Z
7766fb44-d264-471b-a500-667a0f7dd002,2026-04,1289367,e7b11b9d-edac-4ced-b8f8-763a93b5e43b,2.0,baseline,2026-04-17T17:41:50Z
55eaa25e-7d95-4754-ae4b-7ae0bcd363b0,2026-04,3714508,12eb5fb6-0301-4c2b-8a45-02d89a02a4d7,16.0,baseline,2026-04-17T17:41:50Z
0d917ca7-f092-4f7f-bf0d-4e07cb22b410,2026-05,3714508,12eb5fb6-0301-4c2b-8a45-02d89a02a4d7,13.0,baseline,2026-04-17T17:41:50Z
f6dcd7ca-2dc7-437e-876d-99b098384486,2026-04,3714508,8ccf56fd-6747-4d44-af65-939499899468,4.0,baseline,2026-04-17T17:41:50Z
ccd40f39-a0e9-4bbe-aa33-9722aae70899,2026-05,3714508,8ccf56fd-6747-4d44-af65-939499899468,8.0,baseline,2026-04-17T17:41:50Z
ee03df76-14d2-435b-bb28-563c3505000c,2026-04,4239532,0a00e458-bdec-4bff-a4dc-2c6bd3d7c16f,5.0,baseline,2026-04-17T17:41:50Z
e96d9f8d-b8cd-4d73-8398-68081c0492cf,2026-05,4239532,0a00e458-bdec-4bff-a4dc-2c6bd3d7c16f,5.0,baseline,2026-04-17T17:41:50Z
e868b4fd-e3aa-45a5-ba9d-60c9517a3f11,2026-04,4429378,d07a7d92-3266-47dd-b9ec-f10b17ac3a06,2.0,baseline,2026-04-17T17:41:50Z
b552a9a0-b9e6-48c4-97a1-57bcb6789309,2026-04,1289367,e2e57ab8-d355-4a23-b4d1-e9f8a73eb049,4.0,baseline,2026-04-17T17:41:50Z
286e22e7-a514-4e5a-955a-d9be2fe3af08,2026-04,4941756,e2e57ab8-d355-4a23-b4d1-e9f8a73eb049,2.0,baseline,2026-04-17T17:41:50Z
38606452-1fa8-47d4-8adc-616990956d54,2026-04,4873711,2cfc0272-4d15-47bc-8c9f-ece5bfd5a279,4.0,baseline,2026-04-17T17:41:50Z
697afc66-b0c6-41d4-8f1a-d01a9571acc5,2026-04,4784989,72ef47bb-33b3-4253-b0a3-154f259e8686,1.0,baseline,2026-04-17T17:41:50Z
e119b7f2-9c65-4f12-b2e0-669fab12fbe6,2026-04,3714508,72ef47bb-33b3-4253-b0a3-154f259e8686,16.0,baseline,2026-04-17T17:41:50Z
7c76f316-78c3-42dd-ad0a-421551d3baea,2026-05,3714508,72ef47bb-33b3-4253-b0a3-154f259e8686,25.0,baseline,2026-04-17T17:41:50Z
edfb7b1d-2bb9-451d-8461-2298a45fc786,2026-04,4227549,750ec2c9-755b-4d8a-900e-eacdaaaec2de,2.0,baseline,2026-04-17T17:41:50Z
66301a30-a478-4bd8-977e-6e5daca9e9c4,2026-05,4227549,750ec2c9-755b-4d8a-900e-eacdaaaec2de,1.0,baseline,2026-04-17T17:41:50Z
0763f676-1cdf-4323-a244-67d5116192ab,2026-04,EXT_18948827,cbabc333-397d-4641-9772-5c0e89f88d1b,8.0,baseline,2026-04-17T17:41:50Z
a83945dd-e2b1-49d5-a6dd-3723aa06d1a6,2026-04,4239532,e1e9a45b-d18a-4fc0-ac92-e362297ee021,5.0,baseline,2026-04-17T17:41:50Z
916d3cb2-7602-4e68-b67e-68a71be246cf,2026-05,4239532,e1e9a45b-d18a-4fc0-ac92-e362297ee021,5.0,baseline,2026-04-17T17:41:50Z
a95a1423-08ca-4d81-9abe-4f8ad30d901c,2026-04,4227549,81f96896-b282-4207-8e09-f6e53c80b24c,1.0,baseline,2026-04-17T17:41:50Z
65b15a2c-d0fd-4304-b41b-22d48c5e9a94,2026-05,4227549,81f96896-b282-4207-8e09-f6e53c80b24c,1.0,baseline,2026-04-17T17:41:50Z
037374b6-8f7d-4c54-bbda-23368d1fae0f,2026-04,EXT_74CF3E48,cecf6047-43e7-497b-becf-471b5e62a1b0,2.0,baseline,2026-04-17T17:41:50Z
214ba9ed-54b0-4f31-a1fe-ce0bfe4e5729,2026-05,EXT_74CF3E48,cecf6047-43e7-497b-becf-471b5e62a1b0,2.0,baseline,2026-04-17T17:41:50Z
c6cd03dc-28d3-48cf-8f89-f691e7ab0044,2026-04,4429378,7b31109d-da82-4e9e-812d-be06eab3bd94,1.0,baseline,2026-04-17T17:41:50Z
38dfa7e6-3f0d-42a7-bf5d-e757b003ddd7,2026-04,4873711,7b31109d-da82-4e9e-812d-be06eab3bd94,8.0,baseline,2026-04-17T17:41:50Z
83e3ae2b-c8d2-4262-9454-86d1b55fadb8,2026-04,4227549,745c3bdb-6d24-4419-b001-b608fa8de606,2.0,baseline,2026-04-17T17:41:50Z
01b2eba4-9800-418c-858c-bf365a88e9ad,2026-05,4227549,745c3bdb-6d24-4419-b001-b608fa8de606,1.0,baseline,2026-04-17T17:41:50Z
e73f5920-e9ce-4ad0-8634-bb68ff1eb5f9,2026-04,4227549,94c28797-e2b6-4194-a5e2-0a5befc8d679,2.0,baseline,2026-04-17T17:41:50Z
642f48f2-1fa6-46ca-8854-ef5523aa2d15,2026-05,4227549,94c28797-e2b6-4194-a5e2-0a5befc8d679,1.0,baseline,2026-04-17T17:41:50Z
f37ce654-a6fb-46c2-b92d-7b90267309ce,2026-04,4941756,83894443-cbab-40ac-b75d-598aba0798f6,4.0,baseline,2026-04-17T17:41:50Z
5f1e9375-ae20-4597-8a06-59c51b0e0b31,2026-04,4227549,278bfe55-41b4-427e-ab86-0a44160a53e4,1.0,baseline,2026-04-17T17:41:50Z
e8a13a6c-a294-4410-9941-9ecef63d9e27,2026-05,4227549,278bfe55-41b4-427e-ab86-0a44160a53e4,1.0,baseline,2026-04-17T17:41:50Z
a0e0495d-15a8-4955-bcd1-89398161a3d2,2026-04,4941756,1dd4eb83-f992-41cd-ba1d-4ca84c558455,4.0,baseline,2026-04-17T17:41:50Z
62d0d09b-20cd-45ed-bc04-e932f4a8255c,2026-05,4941756,1dd4eb83-f992-41cd-ba1d-4ca84c558455,2.0,baseline,2026-04-17T17:41:50Z
a3ba9687-393e-42ed-911a-b5e519cdb1e8,2026-04,4941756,1a19ac30-8143-41e0-b260-1fe96248eb63,2.0,baseline,2026-04-17T17:41:50Z
85913d72-e64e-44a1-80ce-8aee142cf8ab,2026-04,4941756,e2740339-aeff-4758-b73c-ace5806f1da6,2.0,baseline,2026-04-17T17:41:50Z
10168fd4-4015-4844-81f8-9e6ea228c2d6,2026-04,4429378,54833ed2-179e-4bc5-ad91-7564be1e993a,2.0,baseline,2026-04-17T17:41:50Z
3510e9c1-affa-4cb1-a902-ba5ead0e8e56,2026-04,4227549,9e05a8fe-5184-4540-962b-f50c98d85790,2.0,baseline,2026-04-17T17:41:50Z
744529a2-b0a2-458e-b951-014dcfad2ddc,2026-04,5611517,9e05a8fe-5184-4540-962b-f50c98d85790,4.0,baseline,2026-04-17T17:41:50Z
340c69e8-8b8e-4498-941b-f324fd87b5b9,2026-05,4227549,9e05a8fe-5184-4540-962b-f50c98d85790,1.0,baseline,2026-04-17T17:41:50Z
963d69a3-7057-43df-9a31-8119eb9237df,2026-04,4941756,63bd9766-b665-4f98-a9d3-27e68807e0fb,2.0,baseline,2026-04-17T17:41:50Z
346625c9-b2c3-4ab6-bca8-4d879ba74137,2026-05,4941756,63bd9766-b665-4f98-a9d3-27e68807e0fb,1.0,baseline,2026-04-17T17:41:50Z
77b39c14-ea8e-4bf7-90a4-c9d56baab839,2026-04,4941756,8d5d454f-fafb-4cba-aab0-ad718c1e7a96,2.0,baseline,2026-04-17T17:41:50Z
52b6591c-604b-41e3-93fc-539c2f5a3fbc,2026-04,4227549,acb7a2da-d9ce-40d9-b1bb-d3618004b12f,2.0,baseline,2026-04-17T17:41:50Z
a83b1359-3d12-4202-82db-7d302290d699,2026-04,5611517,acb7a2da-d9ce-40d9-b1bb-d3618004b12f,4.0,baseline,2026-04-17T17:41:50Z
24d22fae-f855-4adb-870f-ae7d17d6ac15,2026-05,4227549,acb7a2da-d9ce-40d9-b1bb-d3618004b12f,2.0,baseline,2026-04-17T17:41:50Z
03b8e1d2-f041-4232-bd13-b87f5ba7161e,2026-04,4227549,3aed84b1-d503-4180-bff4-766b66f75ca8,3.0,baseline,2026-04-17T17:41:50Z
a407aeb2-dd07-4959-b0d2-a4f066ce19b9,2026-04,5611517,3aed84b1-d503-4180-bff4-766b66f75ca8,8.0,baseline,2026-04-17T17:41:50Z
9c8ca046-30aa-44f2-835e-359f64498052,2026-05,4227549,3aed84b1-d503-4180-bff4-766b66f75ca8,2.0,baseline,2026-04-17T17:41:50Z
5bfc8b87-33be-4e32-bffa-e1c3a498355d,2026-04,3250369,38c85a7e-8c05-4259-880b-f07c108b9e1b,30.0,baseline,2026-04-17T17:41:50Z
89aa1a41-dba7-4827-a293-6757a4a15473,2026-04,5611517,6cad023d-0122-4290-b8f2-8cadcd6d8e7f,4.0,baseline,2026-04-17T17:41:50Z
46b05cc0-bd0e-4d98-85c9-fedfc8849724,2026-04,4227549,d0c91d95-88ae-44d1-a64b-b2260f9f3ec9,2.0,baseline,2026-04-17T17:41:50Z
99404e8e-0483-41ce-826a-8238bd410e10,2026-05,4227549,d0c91d95-88ae-44d1-a64b-b2260f9f3ec9,2.0,baseline,2026-04-17T17:41:50Z
346c9533-ab18-4e19-a8a5-592288c1cded,2026-05,5611517,d0c91d95-88ae-44d1-a64b-b2260f9f3ec9,2.0,baseline,2026-04-17T17:41:50Z
d73d2d11-154a-48a8-8ada-465291f3ed49,2026-04,4941756,6c580814-02ae-4844-9d4c-1cdc472c10c4,8.0,baseline,2026-04-17T17:41:50Z
c21ed76c-a387-4c1a-a495-efd5da794cb0,2026-05,4941756,6c580814-02ae-4844-9d4c-1cdc472c10c4,4.0,baseline,2026-04-17T17:41:50Z
189d7b3c-6602-40ee-b989-a7327d39d36b,2026-04,1289367,3e62b301-9363-4275-820e-a1b261ca1473,25.0,baseline,2026-04-17T17:41:50Z
721cf0be-58b5-49bb-a571-1f97f5f39e3f,2026-04,4941756,3e62b301-9363-4275-820e-a1b261ca1473,8.0,baseline,2026-04-17T17:41:50Z
455457df-6ae0-413e-a80c-cbbc66e24571,2026-05,4941756,3e62b301-9363-4275-820e-a1b261ca1473,4.0,baseline,2026-04-17T17:41:50Z
5aca0a40-6b44-4449-ad19-4ccf23ef2c13,2026-04,3714508,18398434-9402-4782-ab1c-2f1851dd7d86,10.0,baseline,2026-04-17T17:41:50Z
c8ab9bd1-b576-4865-be12-4c1be620f7e0,2026-05,3714508,18398434-9402-4782-ab1c-2f1851dd7d86,3.0,baseline,2026-04-17T17:41:50Z
d52cbde6-a58c-448f-840a-c32f7550f7eb,2026-04,1289367,c156da49-0a13-4692-a1d2-5b3a2e0bebf1,2.0,baseline,2026-04-17T17:41:50Z
3fa34810-ad29-4c64-be12-e2a235e24169,2026-04,4941756,c156da49-0a13-4692-a1d2-5b3a2e0bebf1,4.0,baseline,2026-04-17T17:41:50Z
5e618e99-846b-478a-9510-68274464b0f5,2026-05,4941756,c156da49-0a13-4692-a1d2-5b3a2e0bebf1,2.0,baseline,2026-04-17T17:41:50Z
721ecfae-78e3-4665-ab34-23ba29558b85,2026-04,4429378,18825e1e-c649-4c0c-a727-daa73b18d274,2.0,baseline,2026-04-17T17:41:50Z
4c92a2ff-4f43-4aa8-b1a3-26a8455e20d0,2026-04,EXT_74CF3E48,18825e1e-c649-4c0c-a727-daa73b18d274,8.0,baseline,2026-04-17T17:41:50Z
7c2e4ca7-c20b-4753-9fca-8f0aa002ac55,2026-05,EXT_74CF3E48,18825e1e-c649-4c0c-a727-daa73b18d274,32.0,baseline,2026-04-17T17:41:50Z
85ecc404-a632-42e5-aebc-63c68f7872ce,2026-04,1289367,8a355a9e-5106-426f-8bbb-328fa1b68554,2.0,baseline,2026-04-17T17:41:50Z
4ab9f3ac-73cd-40a5-a724-ddea7df6998a,2026-04,4227549,d5962a82-eddc-48ab-9b84-df362b9f883c,2.0,baseline,2026-04-17T17:41:50Z
8f3e675b-f884-47b4-ae3b-76870364eccd,2026-04,5611517,d5962a82-eddc-48ab-9b84-df362b9f883c,4.0,baseline,2026-04-17T17:41:50Z
aa2f3a81-4f7b-4d26-9bbe-d860eb3c6bad,2026-05,4227549,d5962a82-eddc-48ab-9b84-df362b9f883c,2.0,baseline,2026-04-17T17:41:50Z
21770523-98f3-4c05-8151-cf2ffb9939ca,2026-04,4873711,653db951-ba8b-4ddb-9cd1-a463ed27f64f,8.0,baseline,2026-04-17T17:41:50Z
c0297a3c-cb2c-4c64-9218-35bdba499bfa,2026-04,1116340,3488eee6-7f22-46c5-a1bb-a34f5264b988,1.0,baseline,2026-04-17T17:41:50Z
406d6f8e-26a7-43a9-a293-a3c54b27b483,2026-04,EXT_55DCA234,3488eee6-7f22-46c5-a1bb-a34f5264b988,40.0,baseline,2026-04-17T17:41:50Z
eeabf589-95dc-42ae-b133-a0240112c533,2026-05,EXT_55DCA234,3488eee6-7f22-46c5-a1bb-a34f5264b988,20.0,baseline,2026-04-17T17:41:50Z
10c24fd6-4536-4d4b-8819-34c2aba2c8a3,2026-04,4227549,c2c0cd39-98ba-4a23-b47a-2f0b6d228290,2.0,baseline,2026-04-17T17:41:50Z
f22ce198-87b4-489e-a67b-e497c8de538d,2026-05,4227549,c2c0cd39-98ba-4a23-b47a-2f0b6d228290,2.0,baseline,2026-04-17T17:41:50Z
e03e2b07-d379-4a73-bc06-55b11680ef0e,2026-04,4941756,7bd8032e-bd8c-49de-bc87-ce17dbf3bac1,4.0,baseline,2026-04-17T17:41:50Z
ba4ea074-73e8-47ce-acb6-a3cc4657ecf8,2026-05,4941756,7bd8032e-bd8c-49de-bc87-ce17dbf3bac1,2.0,baseline,2026-04-17T17:41:50Z
dd77fd69-d98c-429f-8480-f82e61db70a3,2026-04,4227549,f9178c02-4e20-4b34-ac9d-67436acaee75,2.0,baseline,2026-04-17T17:41:50Z
ca0a0a9e-f0cf-4fcf-8228-c634af3140bd,2026-05,4227549,f9178c02-4e20-4b34-ac9d-67436acaee75,1.0,baseline,2026-04-17T17:41:50Z
ddbffb08-4e94-4d3d-a1ab-c5b2df8dd051,2026-04,3714508,e5e42aad-c44a-4552-9a8b-d47511ea357c,4.0,baseline,2026-04-17T17:41:50Z
e5a9f38f-8c72-49bf-8c65-7f22e81c19c2,2026-04,1289367,6d532132-ceaf-4efc-9608-2f3ba91f4a41,2.0,baseline,2026-04-17T17:41:50Z
ebe346df-26ee-4dd6-bb2d-268f53daeee3,2026-04,EXT_55DCA234,01a65418-f6da-40d7-bc76-5547b9475cda,16.0,baseline,2026-04-17T17:41:50Z
46e95502-e365-46b4-b668-0c27196adeed,2026-04,EXT_55DCA234,4b52e668-2bf9-4cfd-8461-5479331d9cdc,8.0,baseline,2026-04-17T17:41:50Z
d05fb3ee-496a-45c8-9042-12a6efb58b7a,2026-04,EXT_E92A76B8,4b52e668-2bf9-4cfd-8461-5479331d9cdc,6.0,baseline,2026-04-17T17:41:50Z
85b57cef-a5fd-4eb7-8658-0828a9c6cafb,2026-05,EXT_E92A76B8,4b52e668-2bf9-4cfd-8461-5479331d9cdc,8.0,baseline,2026-04-17T17:41:50Z
554975f8-2101-4380-aac0-54a58d366ccf,2026-04,4941756,bf0f0916-61cd-45cb-b439-ada4f09c5c7f,2.0,baseline,2026-04-17T17:41:50Z
54b90c56-27cd-4e62-8792-64d74b9ead9d,2026-04,4941756,7df1a82d-ee89-46d6-8e00-bb3f7695cdda,2.0,baseline,2026-04-17T17:41:50Z
eb97cd73-1ea7-4fa1-aaad-cf0362fa5588,2026-04,4239532,8f131633-f351-42dd-9cf7-4d0cbf55ce85,2.0,baseline,2026-04-17T17:41:50Z
74646be9-7c38-4aa0-9c58-fb818cbbf469,2026-04,EXT_55DCA234,d25bdb4a-4f98-42f2-a8e0-8d4c6ad10879,8.0,baseline,2026-04-17T17:41:50Z
63a86ff9-0423-4a2d-9e64-f8c3f50d80a9,2026-05,EXT_55DCA234,d25bdb4a-4f98-42f2-a8e0-8d4c6ad10879,5.0,baseline,2026-04-17T17:41:50Z
6af22c31-6a81-4c52-8992-c8dea650bfa0,2026-05,EXT_55DCA234,0292a165-d9b1-42b8-8569-172f02de3bcf,5.0,baseline,2026-04-17T17:41:50Z
54fd6053-7b27-4aff-bf1b-3ba0899c9aa3,2026-04,3714508,f3a83e1d-190b-4cc3-b631-e82e6891c68f,8.0,baseline,2026-04-17T17:41:50Z
9ae537fa-cb0f-4649-b9f1-ce05d1bbb351,2026-05,3714508,f3a83e1d-190b-4cc3-b631-e82e6891c68f,8.0,baseline,2026-04-17T17:41:50Z
e27bb94f-e3d1-4084-a8bc-6e0c943908be,2026-04,4227549,902defc7-9ef5-49b0-8d40-1ed66a904a28,2.0,baseline,2026-04-17T17:41:50Z
8c4f3dad-98cc-4507-869c-dbfeb1a199df,2026-05,4227549,902defc7-9ef5-49b0-8d40-1ed66a904a28,2.0,baseline,2026-04-17T17:41:50Z
168c2bca-c204-44ae-b1d2-a95944c2272e,2026-04,EXT_18948827,021c73d0-26a8-4d7b-9f8b-7b88e30293fe,8.0,baseline,2026-04-17T17:41:50Z
f6114fff-05fc-4cd4-b53f-d2e3755b519a,2026-04,EXT_E92A76B8,021c73d0-26a8-4d7b-9f8b-7b88e30293fe,16.0,baseline,2026-04-17T17:41:50Z
fe8e7165-5929-48ea-a419-ee08cce74b88,2026-04,3250369,45945c27-9ad3-4a9b-81f2-7deb333970d3,10.0,baseline,2026-04-17T17:41:50Z
aeb69a99-95b5-4d33-a28d-4161be1bd926,2026-04,3250369,a09b7adb-2f28-4997-b836-c34b1e2729f3,2.0,baseline,2026-04-17T17:41:50Z
2b394c36-b3ce-4ec3-8109-7a508504c992,2026-04,4873711,9b17be24-cd74-41c0-bddb-d6ec5dd59d2e,8.0,baseline,2026-04-17T17:41:50Z
b62d6aa9-102f-469a-b086-c891ab80d8c6,2026-04,4239532,24a18eae-2d5f-4ffd-abb2-7c4a9f9bb13e,2.0,baseline,2026-04-17T17:41:50Z
13d59abd-e42c-4716-9e02-3e51836ea064,2026-04,EXT_E92A76B8,48526f3c-5cc0-4d9f-8b54-f088d24e348b,12.0,baseline,2026-04-17T17:41:50Z
246601f2-63ad-450c-8f2e-8521b186c761,2026-05,EXT_E92A76B8,48526f3c-5cc0-4d9f-8b54-f088d24e348b,8.0,baseline,2026-04-17T17:41:50Z
5619d33b-1703-49df-b87e-4e450fe71af9,2026-04,3250369,e6ae3574-b2dd-41a5-bfa6-81f3b4b80e14,2.0,baseline,2026-04-17T17:41:50Z
51c895fd-0581-45c3-97d5-23bcdd5a2f93,2026-04,4873711,53792f3d-361d-4da7-856e-a7ef15a5ec74,8.0,baseline,2026-04-17T17:41:50Z
f275c379-09ad-4aed-922d-2e3edcc65168,2026-04,4873711,fbcfd18d-fb9a-484a-9111-9dc24abd9122,8.0,baseline,2026-04-17T17:41:50Z
46dea800-1fb1-4ec3-95b0-7e8d21afdbd9,2026-04,4873711,68454e2f-1ea7-456e-a20e-0e36cdada8d7,8.0,baseline,2026-04-17T17:41:50Z
6e162909-ad94-47ae-a0db-c381d11961ba,2026-04,4873711,b7d4d959-317c-4ad6-9331-a34f2f80dfd7,8.0,baseline,2026-04-17T17:41:50Z
e0047725-7c40-450f-8dd1-1097f356e67c,2026-04,4941756,512bf853-8e4d-44fe-97de-a377e996839f,12.0,baseline,2026-04-17T17:41:50Z
f5c621f0-ad4e-4161-b838-13e333e9a588,2026-05,4941756,512bf853-8e4d-44fe-97de-a377e996839f,4.0,baseline,2026-04-17T17:41:50Z
bf3d12ba-63a9-456e-803e-f9a07e404d22,2026-04,EXT_55DCA234,cb69c815-8c84-4754-b72f-84d2e5c9b2dc,16.0,baseline,2026-04-17T17:41:50Z
ca1caac0-26eb-4979-b8a1-74d25025b53f,2026-05,EXT_55DCA234,cb69c815-8c84-4754-b72f-84d2e5c9b2dc,15.0,baseline,2026-04-17T17:41:50Z
f3085dfd-9165-4ca8-bba3-724c73d28ae7,2026-05,EXT_18948827,ebb0c25c-c784-4370-9d00-0438a33311b9,10.0,baseline,2026-04-17T17:41:50Z
1504de97-69d8-42f8-a6d5-4d491035a8f4,2026-04,4227549,6df59397-3279-4455-a6d1-9bfe3d12df96,4.0,baseline,2026-04-17T17:41:50Z
0e0a4f77-7e4b-4ce3-85b0-7628f755d459,2026-05,4227549,6df59397-3279-4455-a6d1-9bfe3d12df96,4.0,baseline,2026-04-17T17:41:50Z
0c725440-ba78-4d03-b03a-15a961b2c522,2026-04,4239532,e62dfb57-6519-41b2-b60b-3387b57ce50a,2.0,baseline,2026-04-17T17:41:50Z
3096ff9b-4ad0-4289-9fb1-d7e670930761,2026-04,EXT_E92A76B8,b4bf0821-798a-4ec7-a9b7-437af52fc376,16.0,baseline,2026-04-17T17:41:50Z
18d4d319-d438-456f-9603-24ed4d53697b,2026-05,EXT_E92A76B8,b4bf0821-798a-4ec7-a9b7-437af52fc376,16.0,baseline,2026-04-17T17:41:50Z
152905fe-d6cf-4703-942f-2f6dcf51779a,2026-04,4873711,cccdb206-9b95-482d-a2e7-ff75a046928f,8.0,baseline,2026-04-17T17:41:50Z
0ab03e42-e799-4133-8f8a-4b93d011df97,2026-04,3714508,6effed1e-bb46-46ed-bc0b-13485158c29a,8.0,baseline,2026-04-17T17:41:50Z
40a59a0c-2f80-4416-b0f0-2af6e2c1b04f,2026-04,EXT_55DCA234,2fbbc37d-6ec8-4e0a-a5e3-bb9fcea725ce,16.0,baseline,2026-04-17T17:41:50Z
dee7ba74-7a9f-471d-bfc7-a491ee84498d,2026-05,EXT_55DCA234,2fbbc37d-6ec8-4e0a-a5e3-bb9fcea725ce,20.0,baseline,2026-04-17T17:41:50Z
8fb6e2ad-8e45-4d3e-a55e-9b15a0fa04bb,2026-04,3714508,15206fa7-98aa-4a95-b5ef-437aee6953c8,10.0,baseline,2026-04-17T17:41:50Z
67272ef2-e873-4f71-95f4-afd7073b6541,2026-04,4429378,07baf073-0545-415a-ae56-1859103d3ebf,1.0,baseline,2026-04-17T17:41:50Z
dd838265-d42f-4af1-9547-70d682b16445,2026-05,EXT_74CF3E48,07baf073-0545-415a-ae56-1859103d3ebf,4.0,baseline,2026-04-17T17:41:50Z
6fa7d178-81ae-41ae-acc8-3bdd60b1e05e,2026-04,4227549,99bb7547-0df5-4713-b205-84cf098304e4,2.0,baseline,2026-04-17T17:41:50Z
f51d31bd-8936-4b48-a1b1-b9278311ad0a,2026-05,4227549,99bb7547-0df5-4713-b205-84cf098304e4,2.0,baseline,2026-04-17T17:41:50Z
fec86e0f-4ea3-435c-b53c-6100ca37aed3,2026-04,EXT_74CF3E48,c88c2383-2dcd-4b22-8a4a-2505d406f748,16.0,baseline,2026-04-17T17:41:50Z
3bb15acf-3ef9-4e51-b7f2-59e6b9939f27,2026-05,EXT_74CF3E48,c88c2383-2dcd-4b22-8a4a-2505d406f748,24.0,baseline,2026-04-17T17:41:50Z
bb947be6-b6cc-4899-b9a3-3cfc87552b54,2026-04,4873711,f1a624f0-1f43-4f7b-b666-02ed8aba93fb,8.0,baseline,2026-04-17T17:41:50Z
f2236400-7f68-48c5-9812-e1b55285a0d2,2026-04,EXT_74CF3E48,dd05cd00-7759-4d9a-b3d0-89968bba61a0,16.0,baseline,2026-04-17T17:41:50Z
78687ab8-fc07-464f-9810-a7a7fbb0be52,2026-05,EXT_74CF3E48,dd05cd00-7759-4d9a-b3d0-89968bba61a0,24.0,baseline,2026-04-17T17:41:50Z
5c6f67ab-7186-4c5b-8d12-b717775927a4,2026-04,4227549,9745acd4-4e66-472c-b15d-4aac48e45d8b,2.0,baseline,2026-04-17T17:41:50Z
affebe9f-3765-47c6-891b-1407a647658b,2026-05,4227549,9745acd4-4e66-472c-b15d-4aac48e45d8b,2.0,baseline,2026-04-17T17:41:50Z
fe284127-fce9-489a-a852-db0001ea0762,2026-04,4239532,77b4de05-ba81-43d1-8e9a-af5bb1732622,5.0,baseline,2026-04-17T17:41:50Z
c3ebf482-156f-46ad-a278-ca16c546b814,2026-04,1116340,48f464a2-38f9-49f0-9531-ea57b8ff3810,1.0,baseline,2026-04-17T17:41:50Z
d0509402-b625-4707-9013-a27ecbdc2b04,2026-04,1116340,2b5b0510-8700-4a33-83ed-91a35ae859b2,14.0,baseline,2026-04-17T17:41:50Z
dcb9dfa5-d078-4050-af19-8df5d8b71bb0,2026-04,4239532,2b5b0510-8700-4a33-83ed-91a35ae859b2,26.0,baseline,2026-04-17T17:41:50Z
ccddd722-77f9-45ed-916a-1bd7ddf6e7fe,2026-04,5421818,2b5b0510-8700-4a33-83ed-91a35ae859b2,10.0,baseline,2026-04-17T17:41:50Z
312039fa-3b76-41e8-bd64-6b0d9225d48a,2026-05,4239532,2b5b0510-8700-4a33-83ed-91a35ae859b2,20.0,baseline,2026-04-17T17:41:50Z
0a1114cd-5b0c-48b0-ad1b-39494974f24e,2026-04,4227549,bbfb1ba6-e3b4-44f4-8264-c1a87b6123ff,8.0,baseline,2026-04-17T17:41:50Z
17de1ecc-07cc-40e5-8a35-bbf493de177d,2026-04,3250369,bbfb1ba6-e3b4-44f4-8264-c1a87b6123ff,21.0,baseline,2026-04-17T17:41:50Z
7c92810b-c270-4b91-b7ea-b5c47381544b,2026-05,4227549,bbfb1ba6-e3b4-44f4-8264-c1a87b6123ff,8.0,baseline,2026-04-17T17:41:50Z
afca95bb-8c74-4c9c-b739-fdc3fe1e3840,2026-04,1116340,3cb9f875-5d96-4af5-81e2-3d281cb07495,6.0,baseline,2026-04-17T17:41:50Z
5fffaf72-e0d6-40fa-939a-070def5c8ec8,2026-04,EXT_55DCA234,3cb9f875-5d96-4af5-81e2-3d281cb07495,28.0,baseline,2026-04-17T17:41:50Z
ecc79288-1b93-4681-a4df-bcba77265388,2026-05,EXT_55DCA234,3cb9f875-5d96-4af5-81e2-3d281cb07495,50.0,baseline,2026-04-17T17:41:50Z
89188692-9ea2-439e-9f6f-1c5bc7df340f,2026-05,EXT_E92A76B8,3cb9f875-5d96-4af5-81e2-3d281cb07495,24.0,baseline,2026-04-17T17:41:50Z
55d142ba-df14-4d10-8ae6-64a6357b4a5d,2026-04,4227549,db9fa824-d44c-40b6-bda0-39b76d413b3a,8.0,baseline,2026-04-17T17:41:50Z
ce338e89-9e9f-4196-9e83-ca1b90902ab0,2026-04,3250369,db9fa824-d44c-40b6-bda0-39b76d413b3a,21.0,baseline,2026-04-17T17:41:50Z
5bb59c91-761b-4694-93e6-374f355ced7d,2026-05,4227549,db9fa824-d44c-40b6-bda0-39b76d413b3a,8.0,baseline,2026-04-17T17:41:50Z
44925fa7-a777-4829-b965-e63427f9b5d0,2026-04,4784989,dfb839ed-ffe4-4a26-8e4e-961ef362c500,10.0,baseline,2026-04-17T17:41:50Z
0a057b82-9afd-409b-bb8f-7fc648cd0d21,2026-04,1289367,dfb839ed-ffe4-4a26-8e4e-961ef362c500,10.0,baseline,2026-04-17T17:41:50Z
ae49fc6b-c0f1-47fc-91bd-f652459ee7fb,2026-04,4227549,b7c2845a-a638-413c-9eea-e9f54b8eec8c,8.0,baseline,2026-04-17T17:41:50Z
c30b7927-81dc-4509-b0c4-7761771526bf,2026-04,5611517,b7c2845a-a638-413c-9eea-e9f54b8eec8c,15.0,baseline,2026-04-17T17:41:50Z
13cae584-09e6-4f90-b8ae-fee7778b5c4e,2026-04,5421818,b7c2845a-a638-413c-9eea-e9f54b8eec8c,10.0,baseline,2026-04-17T17:41:50Z
fd487b47-532d-4a4f-998a-eec5e92b2ae9,2026-05,4227549,b7c2845a-a638-413c-9eea-e9f54b8eec8c,8.0,baseline,2026-04-17T17:41:50Z
1d82d474-7cb5-4abf-96b1-ca35eb31fdac,2026-04,4784989,366b9650-62a6-4c44-ba4c-0d9dfabe18fd,10.0,baseline,2026-04-17T17:41:50Z
9c55131c-2623-4331-b39c-f6829db54e03,2026-04,1289367,366b9650-62a6-4c44-ba4c-0d9dfabe18fd,30.0,baseline,2026-04-17T17:41:50Z
4c29b42a-5beb-485b-b4ed-953038ac3805,2026-04,5421818,366b9650-62a6-4c44-ba4c-0d9dfabe18fd,50.0,baseline,2026-04-17T17:41:50Z
7b003f5d-f7fd-43ca-80c7-2d27e5d030aa,2026-04,4784989,ba2ae6bf-fad2-4e4a-9196-87b1314a0050,10.0,baseline,2026-04-17T17:41:50Z
53726a0d-aa2b-43a7-8696-d0331d45228e,2026-04,4429378,10bd31a7-f2ba-42ba-a9b8-7ed5843cf7c1,4.0,baseline,2026-04-17T17:41:50Z
c6b493ce-b7ba-4c28-91ae-0528ebc90881,2026-04,EXT_74CF3E48,10bd31a7-f2ba-42ba-a9b8-7ed5843cf7c1,10.0,baseline,2026-04-17T17:41:50Z
b53a0085-cfe5-4d98-8430-5a48fe2ae6cf,2026-04,5421818,10bd31a7-f2ba-42ba-a9b8-7ed5843cf7c1,20.0,baseline,2026-04-17T17:41:50Z
37587e50-f4aa-4d18-8342-3ca3a29c498c,2026-05,EXT_74CF3E48,10bd31a7-f2ba-42ba-a9b8-7ed5843cf7c1,24.0,baseline,2026-04-17T17:41:50Z
cc3d50c2-d168-44a0-81ed-19592f8d8032,2026-04,4429378,4a88f70b-679a-4ac9-868e-8eee3d29ef43,4.0,baseline,2026-04-17T17:41:50Z
ec78d563-8b21-4e67-be30-c09ffe0c0c9b,2026-04,3250369,4a88f70b-679a-4ac9-868e-8eee3d29ef43,10.0,baseline,2026-04-17T17:41:50Z
ef862cf3-8c5b-4f12-a433-2ad151a8912c,2026-04,5421818,4a88f70b-679a-4ac9-868e-8eee3d29ef43,20.0,baseline,2026-04-17T17:41:50Z
cba3e51b-1ec8-4f95-86db-f24d96a82f7e,2026-04,4429378,7758b5c2-3284-4905-be10-22c1024b0aa5,4.0,baseline,2026-04-17T17:41:50Z
8fdac722-059f-4193-8446-cc4f87d1c620,2026-04,4873711,7758b5c2-3284-4905-be10-22c1024b0aa5,10.0,baseline,2026-04-17T17:41:50Z
85ebb9e0-d156-438c-ac32-cf17f241c547,2026-04,1000468,95349d0a-f983-4bad-940c-952c8398d978,13.0,baseline,2026-04-17T17:41:50Z
7ac01f3a-2a29-4951-a3b0-c408da2c8be5,2026-04,4429378,95349d0a-f983-4bad-940c-952c8398d978,8.0,baseline,2026-04-17T17:41:50Z
c3b09adf-d2b1-485a-ad51-7a7188f0af27,2026-01,1116340,ebe915ee-6a18-4763-a3b3-0448a2e164cc,9.0,baseline,2026-04-17T17:41:50Z
